"id","device_id","fix","hdop","latitude","longitude","velocity","heart_rate","acc_x","acc_y","acc_z","quat_w","quat_x","quat_y","quat_z","device_date","db_date"
40628,2,0,"-1","-1","-1","0",0,"0","0","0","0","0","0","0","2021-06-02 00:14:41.799+00","2021-06-02 12:59:05.411536+00"
40627,2,0,"-1","-1","-1","0",0,"0","0","0","0","0","0","0","2021-06-02 00:14:40.799+00","2021-06-02 12:59:04.416712+00"
40626,2,0,"-1","-1","-1","0",0,"0","0","0","0","0","0","0","2021-06-02 00:14:39.799+00","2021-06-02 12:59:03.149069+00"
40625,2,0,"-1","-1","-1","0",0,"0","0","0","0","0","0","0","2021-06-02 00:14:38.799+00","2021-06-02 12:59:02.180924+00"
40624,2,0,"-1","-1","-1","0",0,"0","0","0","0","0","0","0","2021-06-02 00:14:37.799+00","2021-06-02 12:59:00.872586+00"
40623,2,0,"-1","-1","-1","0",0,"0","0","0","0","0","0","0","2021-06-02 00:14:36.799+00","2021-06-02 12:58:59.942896+00"
40622,2,0,"-1","-1","-1","0",0,"0","0","0","0","0","0","0","2021-06-02 00:14:35.799+00","2021-06-02 12:58:58.974252+00"
40621,2,0,"-1","-1","-1","0",0,"0","0","0","0","0","0","0","2021-06-02 00:14:32.799+00","2021-06-02 12:58:56.733863+00"
40620,2,0,"-1","-1","-1","0",0,"0","0","0","0","0","0","0","2021-06-02 00:14:31.799+00","2021-06-02 12:58:55.494938+00"
40619,2,0,"-1","-1","-1","0",0,"0","0","0","0","0","0","0","2021-06-02 00:14:30.799+00","2021-06-02 12:58:54.475832+00"
40618,2,0,"-1","-1","-1","0",0,"0","0","0","0","0","0","0","2021-06-02 00:14:29.799+00","2021-06-02 12:58:53.551995+00"
40617,2,0,"-1","-1","-1","0",0,"0","0","0","0","0","0","0","2021-06-02 00:14:28.799+00","2021-06-02 12:58:52.253637+00"
40616,2,0,"-1","-1","-1","0",0,"0","0","0","0","0","0","0","2021-06-02 00:14:27.799+00","2021-06-02 12:58:51.275176+00"
40615,2,0,"-1","-1","-1","0",0,"0","0","0","0","0","0","0","2021-06-02 00:14:26.799+00","2021-06-02 12:58:50.033892+00"
40614,2,0,"-1","-1","-1","0",0,"0","0","0","0","0","0","0","2021-06-02 00:14:25.799+00","2021-06-02 12:58:49.05791+00"
40613,2,0,"-1","-1","-1","0",0,"0","0","0","0","0","0","0","2021-06-02 00:14:24.799+00","2021-06-02 12:58:48.063614+00"
40612,2,0,"-1","-1","-1","0",0,"0","0","0","0","0","0","0","2021-06-02 00:14:23.799+00","2021-06-02 12:58:46.793396+00"
40611,2,0,"-1","-1","-1","0",0,"0","0","0","0","0","0","0","2021-06-02 00:14:21.799+00","2021-06-02 12:58:45.848292+00"
40610,2,0,"-1","-1","-1","0",0,"0","0","0","0","0","0","0","2021-06-02 00:14:20.799+00","2021-06-02 12:58:44.59639+00"
40609,2,0,"-1","-1","-1","0",0,"0","0","0","0","0","0","0","2021-06-02 00:14:19.799+00","2021-06-02 12:58:43.599378+00"
40608,2,0,"-1","-1","-1","0",0,"0","0","0","0","0","0","0","2021-06-02 00:14:18.799+00","2021-06-02 12:58:42.688828+00"
40607,2,0,"-1","-1","-1","0",0,"0","0","0","0","0","0","0","2021-06-02 00:14:17.799+00","2021-06-02 12:58:41.363128+00"
40606,2,0,"-1","-1","-1","0",0,"0","0","0","0","0","0","0","2021-06-02 00:14:16.799+00","2021-06-02 12:58:40.427624+00"
40605,2,0,"-1","-1","-1","0",0,"0","0","0","0","0","0","0","2021-06-02 00:14:15.799+00","2021-06-02 12:58:39.104478+00"
40604,2,0,"-1","-1","-1","0",0,"0","0","0","0","0","0","0","2021-06-02 00:14:14.799+00","2021-06-02 12:58:38.209375+00"
40603,2,0,"-1","-1","-1","0",0,"0","0","0","0","0","0","0","2021-06-02 00:14:13.799+00","2021-06-02 12:58:37.249085+00"
40602,2,0,"-1","-1","-1","0",0,"0","0","0","0","0","0","0","2021-06-02 00:14:12.799+00","2021-06-02 12:58:35.920117+00"
40601,2,0,"-1","-1","-1","0",0,"0","0","0","0","0","0","0","2021-06-02 00:14:11.799+00","2021-06-02 12:58:34.981083+00"
40600,2,0,"-1","-1","-1","0",0,"0","0","0","0","0","0","0","2021-06-02 00:14:10.799+00","2021-06-02 12:58:33.712186+00"
40599,2,0,"-1","-1","-1","0",0,"0","0","0","0","0","0","0","2021-06-02 00:14:08.799+00","2021-06-02 12:58:32.713692+00"
40598,2,0,"-1","-1","-1","0",0,"0","0","0","0","0","0","0","2021-06-02 00:14:07.799+00","2021-06-02 12:58:31.778638+00"
40597,2,0,"-1","-1","-1","0",0,"0","0","0","0","0","0","0","2021-06-02 00:14:06.799+00","2021-06-02 12:58:30.497836+00"
40596,2,0,"-1","-1","-1","0",0,"0","0","0","0","0","0","0","2021-06-02 00:14:05.799+00","2021-06-02 12:58:29.569863+00"
40595,2,0,"-1","-1","-1","0",0,"0","0","0","0","0","0","0","2021-06-02 00:14:04.799+00","2021-06-02 12:58:28.564459+00"
40594,2,0,"-1","-1","-1","0",0,"0","0","0","0","0","0","0","2021-06-02 00:14:03.799+00","2021-06-02 12:58:27.304954+00"
40593,2,0,"-1","-1","-1","0",0,"0","0","0","0","0","0","0","2021-06-02 00:14:02.799+00","2021-06-02 12:58:26.370698+00"
40592,2,0,"-1","-1","-1","0",0,"0","0","0","0","0","0","0","2021-06-02 00:14:01.799+00","2021-06-02 12:58:25.058662+00"
40591,2,0,"-1","-1","-1","0",0,"0","0","0","0","0","0","0","2021-06-02 00:14:00.799+00","2021-06-02 12:58:24.100507+00"
40590,2,0,"-1","-1","-1","0",0,"0","0","0","0","0","0","0","2021-06-02 00:13:58.799+00","2021-06-02 12:58:21.873017+00"
40589,2,0,"-1","-1","-1","0",0,"0","0","0","0","0","0","0","2021-06-02 00:13:57.799+00","2021-06-02 12:58:20.908077+00"
40588,2,0,"-1","-1","-1","0",0,"0","0","0","0","0","0","0","2021-06-02 00:13:55.799+00","2021-06-02 12:58:19.620807+00"
40587,2,0,"-1","-1","-1","0",0,"0","0","0","0","0","0","0","2021-06-02 00:13:54.799+00","2021-06-02 12:58:18.656393+00"
40586,2,0,"-1","-1","-1","0",0,"0","0","0","0","0","0","0","2021-06-02 00:13:53.799+00","2021-06-02 12:58:17.708331+00"
40585,2,0,"-1","-1","-1","0",0,"0","0","0","0","0","0","0","2021-06-02 00:13:52.799+00","2021-06-02 12:58:16.419085+00"
40584,2,0,"-1","-1","-1","0",0,"0","0","0","0","0","0","0","2021-06-02 00:13:51.799+00","2021-06-02 12:58:15.471578+00"
40583,2,0,"-1","-1","-1","0",0,"0","0","0","0","0","0","0","2021-06-02 00:13:50.799+00","2021-06-02 12:58:14.207326+00"
40582,2,0,"-1","-1","-1","0",0,"0","0","0","0","0","0","0","2021-06-02 00:13:49.799+00","2021-06-02 12:58:13.226582+00"
40581,2,0,"-1","-1","-1","0",0,"0","0","0","0","0","0","0","2021-06-02 00:13:48.799+00","2021-06-02 12:58:12.233221+00"
40580,2,0,"-1","-1","-1","0",0,"0","0","0","0","0","0","0","2021-06-02 00:13:47.799+00","2021-06-02 12:58:10.953369+00"
40579,2,0,"-1","-1","-1","0",0,"0","0","0","0","0","0","0","2021-06-02 00:13:46.799+00","2021-06-02 12:58:10.037013+00"
40578,2,0,"-1","-1","-1","0",0,"0","0","0","0","0","0","0","2021-06-02 00:13:45.799+00","2021-06-02 12:58:08.725856+00"
40577,2,0,"-1","-1","-1","0",0,"0","0","0","0","0","0","0","2021-06-02 00:13:43.799+00","2021-06-02 12:58:07.743424+00"
40576,2,0,"-1","-1","-1","0",0,"0","0","0","0","0","0","0","2021-06-02 00:13:42.799+00","2021-06-02 12:58:06.83346+00"
40575,2,0,"-1","-1","-1","0",0,"0","0","0","0","0","0","0","2021-06-02 00:13:41.799+00","2021-06-02 12:58:05.557086+00"
40574,2,0,"-1","-1","-1","0",0,"0","0","0","0","0","0","0","2021-06-02 00:13:40.799+00","2021-06-02 12:58:04.567718+00"
40573,2,0,"-1","-1","-1","0",0,"0","0","0","0","0","0","0","2021-06-02 00:13:39.799+00","2021-06-02 12:58:03.287591+00"
40572,2,0,"-1","-1","-1","0",0,"0","0","0","0","0","0","0","2021-06-02 00:13:38.799+00","2021-06-02 12:58:02.344603+00"
40571,2,0,"-1","-1","-1","0",0,"0","0","0","0","0","0","0","2021-06-02 00:13:37.799+00","2021-06-02 12:58:01.410975+00"
40570,2,0,"-1","-1","-1","0",0,"0","0","0","0","0","0","0","2021-06-02 00:13:36.799+00","2021-06-02 12:58:00.073951+00"
40569,2,0,"-1","-1","-1","0",0,"0","0","0","0","0","0","0","2021-06-02 00:13:35.799+00","2021-06-02 12:57:59.137226+00"
40568,2,0,"-1","-1","-1","0",0,"0","0","0","0","0","0","0","2021-06-02 00:13:34.799+00","2021-06-02 12:57:57.868788+00"
40567,2,0,"-1","-1","-1","0",0,"0","0","0","0","0","0","0","2021-06-02 00:13:33.799+00","2021-06-02 12:57:56.876802+00"
40566,2,0,"-1","-1","-1","0",0,"0","0","0","0","0","0","0","2021-06-02 00:13:32.799+00","2021-06-02 12:57:55.957287+00"
40565,2,0,"-1","-1","-1","0",0,"0","0","0","0","0","0","0","2021-06-02 00:13:30.799+00","2021-06-02 12:57:54.64258+00"
40564,2,0,"-1","-1","-1","0",0,"0","0","0","0","0","0","0","2021-06-02 00:13:29.799+00","2021-06-02 12:57:53.758318+00"
40563,2,0,"-1","-1","-1","0",0,"0","0","0","0","0","0","0","2021-06-02 00:13:28.799+00","2021-06-02 12:57:52.747538+00"
40562,2,0,"-1","-1","-1","0",0,"0","0","0","0","0","0","0","2021-06-02 00:13:27.799+00","2021-06-02 12:57:51.483916+00"
40561,2,0,"-1","-1","-1","0",0,"0","0","0","0","0","0","0","2021-06-02 00:13:26.799+00","2021-06-02 12:57:50.470128+00"
40560,2,0,"-1","-1","-1","0",0,"0","0","0","0","0","0","0","2021-06-02 00:13:25.799+00","2021-06-02 12:57:49.204042+00"
40559,2,0,"-1","-1","-1","0",0,"0","0","0","0","0","0","0","2021-06-02 00:13:24.799+00","2021-06-02 12:57:48.254276+00"
40558,2,0,"-1","-1","-1","0",0,"0","0","0","0","0","0","0","2021-06-02 00:13:23.799+00","2021-06-02 12:57:47.312841+00"
40557,2,0,"-1","-1","-1","0",0,"0","0","0","0","0","0","0","2021-06-02 00:13:22.799+00","2021-06-02 12:57:46.04542+00"
40556,2,0,"-1","-1","-1","0",0,"0","0","0","0","0","0","0","2021-06-02 00:13:21.799+00","2021-06-02 12:57:45.058613+00"
40555,2,0,"-1","-1","-1","0",0,"0","0","0","0","0","0","0","2021-06-02 00:13:20.799+00","2021-06-02 12:57:43.833051+00"
40554,2,0,"-1","-1","-1","0",0,"0","0","0","0","0","0","0","2021-06-02 00:13:18.799+00","2021-06-02 12:57:42.786277+00"
40553,2,0,"-1","-1","-1","0",0,"0","0","0","0","0","0","0","2021-06-02 00:13:17.799+00","2021-06-02 12:57:41.844313+00"
40552,2,0,"-1","-1","-1","0",0,"0","0","0","0","0","0","0","2021-06-02 00:13:16.799+00","2021-06-02 12:57:40.575169+00"
40551,2,0,"-1","-1","-1","0",0,"0","0","0","0","0","0","0","2021-06-02 00:13:15.799+00","2021-06-02 12:57:39.616349+00"
40550,2,0,"-1","-1","-1","0",0,"0","0","0","0","0","0","0","2021-06-02 00:13:14.799+00","2021-06-02 12:57:38.372447+00"
40549,2,0,"-1","-1","-1","0",0,"0","0","0","0","0","0","0","2021-06-02 00:13:13.799+00","2021-06-02 12:57:37.37418+00"
40548,2,0,"-1","-1","-1","0",0,"0","0","0","0","0","0","0","2021-06-02 00:13:12.799+00","2021-06-02 12:57:36.399229+00"
40547,2,0,"-1","-1","-1","0",0,"0","0","0","0","0","0","0","2021-06-02 00:13:11.799+00","2021-06-02 12:57:35.116625+00"
40546,2,0,"-1","-1","-1","0",0,"0","0","0","0","0","0","0","2021-06-02 00:13:10.799+00","2021-06-02 12:57:34.166271+00"
40545,2,0,"-1","-1","-1","0",0,"0","0","0","0","0","0","0","2021-06-02 00:13:09.799+00","2021-06-02 12:57:32.899601+00"
40544,2,0,"-1","-1","-1","0",0,"0","0","0","0","0","0","0","2021-06-02 00:13:08.799+00","2021-06-02 12:57:31.916163+00"
40543,2,0,"-1","-1","-1","0",0,"0","0","0","0","0","0","0","2021-06-02 00:13:07.799+00","2021-06-02 12:57:30.999798+00"
40542,2,0,"-1","-1","-1","0",0,"0","0","0","0","0","0","0","2021-06-02 00:13:05.799+00","2021-06-02 12:57:29.700444+00"
40541,2,0,"-1","-1","-1","0",0,"0","0","0","0","0","0","0","2021-06-02 00:13:04.799+00","2021-06-02 12:57:28.714817+00"
40540,2,0,"-1","-1","-1","0",0,"0","0","0","0","0","0","0","2021-06-02 00:13:03.799+00","2021-06-02 12:57:27.446737+00"
40539,2,0,"-1","-1","-1","0",0,"0","0","0","0","0","0","0","2021-06-02 00:13:02.799+00","2021-06-02 12:57:26.499111+00"
40538,2,0,"-1","-1","-1","0",0,"0","0","0","0","0","0","0","2021-06-02 00:13:01.799+00","2021-06-02 12:57:25.555744+00"
40537,2,0,"-1","-1","-1","0",0,"0","0","0","0","0","0","0","2021-06-02 00:13:00.799+00","2021-06-02 12:57:24.223546+00"
40536,2,0,"-1","-1","-1","0",0,"0","0","0","0","0","0","0","2021-06-02 00:12:59.799+00","2021-06-02 12:57:23.334384+00"
40535,2,0,"-1","-1","-1","0",0,"0","0","0","0","0","0","0","2021-06-02 00:12:58.799+00","2021-06-02 12:57:22.023816+00"
40534,2,0,"-1","-1","-1","0",0,"0","0","0","0","0","0","0","2021-06-02 00:12:57.799+00","2021-06-02 12:57:21.036685+00"
40533,2,0,"-1","-1","-1","0",0,"0","0","0","0","0","0","0","2021-06-02 00:12:56.799+00","2021-06-02 12:57:20.083826+00"
40532,2,0,"-1","-1","-1","0",0,"0","0","0","0","0","0","0","2021-06-02 00:12:55.799+00","2021-06-02 12:57:18.812883+00"
40531,2,0,"-1","-1","-1","0",0,"0","0","0","0","0","0","0","2021-06-02 00:12:54.799+00","2021-06-02 12:57:17.877452+00"
40530,2,0,"-1","-1","-1","0",0,"0","0","0","0","0","0","0","2021-06-02 00:12:52.799+00","2021-06-02 12:57:16.898677+00"
40529,2,0,"-1","-1","-1","0",0,"0","0","0","0","0","0","0","2021-06-02 00:12:51.799+00","2021-06-02 12:57:15.647188+00"
40528,2,0,"-1","-1","-1","0",0,"0","0","0","0","0","0","0","2021-06-02 00:12:50.799+00","2021-06-02 12:57:14.634923+00"
40527,2,0,"-1","-1","-1","0",0,"0","0","0","0","0","0","0","2021-06-02 00:12:49.799+00","2021-06-02 12:57:13.357579+00"
40526,2,0,"-1","-1","-1","0",0,"0","0","0","0","0","0","0","2021-06-02 00:12:48.799+00","2021-06-02 12:57:12.410619+00"
40525,2,0,"-1","-1","-1","0",0,"0","0","0","0","0","0","0","2021-06-02 00:12:47.799+00","2021-06-02 12:57:11.425639+00"
40524,2,0,"-1","-1","-1","0",0,"0","0","0","0","0","0","0","2021-06-02 00:12:46.799+00","2021-06-02 12:57:10.196116+00"
40523,2,0,"-1","-1","-1","0",0,"0","0","0","0","0","0","0","2021-06-02 00:12:45.799+00","2021-06-02 12:57:09.215344+00"
40522,2,0,"-1","-1","-1","0",0,"0","0","0","0","0","0","0","2021-06-02 00:12:44.799+00","2021-06-02 12:57:07.974744+00"
40521,2,0,"-1","-1","-1","0",0,"0","0","0","0","0","0","0","2021-06-02 00:12:43.799+00","2021-06-02 12:57:06.974995+00"
40520,2,0,"-1","-1","-1","0",0,"0","0","0","0","0","0","0","2021-06-02 00:12:42.799+00","2021-06-02 12:57:06.014409+00"
40519,2,0,"-1","-1","-1","0",0,"0","0","0","0","0","0","0","2021-06-02 00:12:40.799+00","2021-06-02 12:57:04.723959+00"
40518,2,0,"-1","-1","-1","0",0,"0","0","0","0","0","0","0","2021-06-02 00:12:39.799+00","2021-06-02 12:57:03.744847+00"
40517,2,0,"-1","-1","-1","0",0,"0","0","0","0","0","0","0","2021-06-02 00:12:38.799+00","2021-06-02 12:57:02.521226+00"
40516,2,0,"-1","-1","-1","0",0,"0","0","0","0","0","0","0","2021-06-02 00:12:37.799+00","2021-06-02 12:57:01.586354+00"
40515,2,0,"-1","-1","-1","0",0,"0","0","0","0","0","0","0","2021-06-02 00:12:36.799+00","2021-06-02 12:57:00.551941+00"
40514,2,0,"-1","-1","-1","0",0,"0","0","0","0","0","0","0","2021-06-02 00:12:34.799+00","2021-06-02 12:56:58.338593+00"
40513,2,0,"-1","-1","-1","0",0,"0","0","0","0","0","0","0","2021-06-02 00:12:33.799+00","2021-06-02 12:56:57.076449+00"
40512,2,0,"-1","-1","-1","0",0,"0","0","0","0","0","0","0","2021-06-02 00:12:32.799+00","2021-06-02 12:56:56.076575+00"
40511,2,0,"-1","-1","-1","0",0,"0","0","0","0","0","0","0","2021-06-02 00:12:31.799+00","2021-06-02 12:56:55.170208+00"
40510,2,0,"-1","-1","-1","0",0,"0","0","0","0","0","0","0","2021-06-02 00:12:30.799+00","2021-06-02 12:56:53.842442+00"
40509,2,0,"-1","-1","-1","0",0,"0","0","0","0","0","0","0","2021-06-02 00:12:27.799+00","2021-06-02 12:56:51.595185+00"
40508,2,0,"-1","-1","-1","0",0,"0","0","0","0","0","0","0","2021-06-02 00:12:26.799+00","2021-06-02 12:56:50.669895+00"
40507,2,0,"-1","-1","-1","0",0,"0","0","0","0","0","0","0","2021-06-02 00:12:25.799+00","2021-06-02 12:56:49.724349+00"
40506,2,0,"-1","-1","-1","0",0,"0","0","0","0","0","0","0","2021-06-02 00:12:24.799+00","2021-06-02 12:56:48.394746+00"
40505,2,0,"-1","-1","-1","0",0,"0","0","0","0","0","0","0","2021-06-02 00:12:23.799+00","2021-06-02 12:56:47.469623+00"
40504,2,0,"-1","-1","-1","0",0,"0","0","0","0","0","0","0","2021-06-02 00:12:22.799+00","2021-06-02 12:56:46.170223+00"
40503,2,0,"-1","-1","-1","0",0,"0","0","0","0","0","0","0","2021-06-02 00:12:21.799+00","2021-06-02 12:56:45.18232+00"
40502,2,0,"-1","-1","-1","0",0,"0","0","0","0","0","0","0","2021-06-02 00:12:19.799+00","2021-06-02 12:56:42.995746+00"
40501,2,0,"-1","-1","-1","0",0,"0","0","0","0","0","0","0","2021-06-02 00:12:18.799+00","2021-06-02 12:56:42.062656+00"
40500,2,0,"-1","-1","-1","0",0,"0","0","0","0","0","0","0","2021-06-02 00:12:17.799+00","2021-06-02 12:56:41.07379+00"
40499,2,0,"-1","-1","-1","0",0,"0","0","0","0","0","0","0","2021-06-02 00:12:16.799+00","2021-06-02 12:56:39.808618+00"
40498,2,0,"-1","-1","-1","0",0,"0","0","0","0","0","0","0","2021-06-02 00:12:13.799+00","2021-06-02 12:56:37.51458+00"
40497,2,0,"-1","-1","-1","0",0,"0","0","0","0","0","0","0","2021-06-02 00:12:12.799+00","2021-06-02 12:56:36.589311+00"
40496,2,0,"-1","-1","-1","0",0,"0","0","0","0","0","0","0","2021-06-02 00:12:11.799+00","2021-06-02 12:56:35.62316+00"
40495,2,0,"-1","-1","-1","0",0,"0","0","0","0","0","0","0","2021-06-02 00:12:10.799+00","2021-06-02 12:56:34.365354+00"
40494,2,0,"-1","-1","-1","0",0,"0","0","0","0","0","0","0","2021-06-02 00:12:09.799+00","2021-06-02 12:56:33.37352+00"
40493,2,0,"-1","-1","-1","0",0,"0","0","0","0","0","0","0","2021-06-02 00:12:08.799+00","2021-06-02 12:56:32.099371+00"
40492,2,0,"-1","-1","-1","0",0,"0","0","0","0","0","0","0","2021-06-02 00:12:07.799+00","2021-06-02 12:56:31.102198+00"
40491,2,0,"-1","-1","-1","0",0,"0","0","0","0","0","0","0","2021-06-02 00:12:06.799+00","2021-06-02 12:56:30.199482+00"
40490,2,0,"-1","-1","-1","0",0,"0","0","0","0","0","0","0","2021-06-02 00:12:05.799+00","2021-06-02 12:56:28.907728+00"
40489,2,0,"-1","-1","-1","0",0,"0","0","0","0","0","0","0","2021-06-02 00:12:04.799+00","2021-06-02 12:56:27.916183+00"
40488,2,0,"-1","-1","-1","0",0,"0","0","0","0","0","0","0","2021-06-02 00:12:02.799+00","2021-06-02 12:56:26.672679+00"
40487,2,0,"-1","-1","-1","0",0,"0","0","0","0","0","0","0","2021-06-02 00:12:01.799+00","2021-06-02 12:56:25.707521+00"
40486,2,0,"-1","-1","-1","0",0,"0","0","0","0","0","0","0","2021-06-02 00:12:00.799+00","2021-06-02 12:56:24.726829+00"
40485,2,0,"-1","-1","-1","0",0,"0","0","0","0","0","0","0","2021-06-02 00:11:59.799+00","2021-06-02 12:56:23.430115+00"
40484,2,0,"-1","-1","-1","0",0,"0","0","0","0","0","0","0","2021-06-02 00:11:58.799+00","2021-06-02 12:56:22.500157+00"
40483,2,0,"-1","-1","-1","0",0,"0","0","0","0","0","0","0","2021-06-02 00:11:57.799+00","2021-06-02 12:56:21.206809+00"
40482,2,0,"-1","-1","-1","0",0,"0","0","0","0","0","0","0","2021-06-02 00:11:56.799+00","2021-06-02 12:56:20.247323+00"
40481,2,0,"-1","-1","-1","0",0,"0","0","0","0","0","0","0","2021-06-02 00:11:55.799+00","2021-06-02 12:56:19.299278+00"
40480,2,0,"-1","-1","-1","0",0,"0","0","0","0","0","0","0","2021-06-02 00:11:54.799+00","2021-06-02 12:56:18.029106+00"
40479,2,0,"-1","-1","-1","0",0,"0","0","0","0","0","0","0","2021-06-02 00:11:53.799+00","2021-06-02 12:56:17.034188+00"
40478,2,0,"-1","-1","-1","0",0,"0","0","0","0","0","0","0","2021-06-02 00:11:52.799+00","2021-06-02 12:56:15.740951+00"
40477,2,0,"-1","-1","-1","0",0,"0","0","0","0","0","0","0","2021-06-02 00:11:49.799+00","2021-06-02 12:56:13.888688+00"
40476,2,0,"-1","-1","-1","0",0,"0","0","0","0","0","0","0","2021-06-02 00:11:48.799+00","2021-06-02 12:56:12.575126+00"
40475,2,0,"-1","-1","-1","0",0,"0","0","0","0","0","0","0","2021-06-02 00:11:47.799+00","2021-06-02 12:56:11.634468+00"
40474,2,0,"-1","-1","-1","0",0,"0","0","0","0","0","0","0","2021-06-02 00:11:46.799+00","2021-06-02 12:56:10.348991+00"
40473,2,0,"-1","-1","-1","0",0,"0","0","0","0","0","0","0","2021-06-02 00:11:45.799+00","2021-06-02 12:56:09.342995+00"
40472,2,0,"-1","-1","-1","0",0,"0","0","0","0","0","0","0","2021-06-02 00:11:44.799+00","2021-06-02 12:56:08.417023+00"
40471,2,0,"-1","-1","-1","0",0,"0","0","0","0","0","0","0","2021-06-02 00:11:43.799+00","2021-06-02 12:56:07.151215+00"
40470,2,0,"-1","-1","-1","0",0,"0","0","0","0","0","0","0","2021-06-02 00:11:42.799+00","2021-06-02 12:56:06.216761+00"
40469,2,0,"-1","-1","-1","0",0,"0","0","0","0","0","0","0","2021-06-02 00:11:41.799+00","2021-06-02 12:56:04.876211+00"
40468,2,0,"-1","-1","-1","0",0,"0","0","0","0","0","0","0","2021-06-02 00:11:40.799+00","2021-06-02 12:56:03.973975+00"
40467,2,0,"-1","-1","-1","0",0,"0","0","0","0","0","0","0","2021-06-02 00:11:39.799+00","2021-06-02 12:56:02.961347+00"
40466,2,0,"-1","-1","-1","0",0,"0","0","0","0","0","0","0","2021-06-02 00:11:37.799+00","2021-06-02 12:56:01.682469+00"
40465,2,0,"-1","-1","-1","0",0,"0","0","0","0","0","0","0","2021-06-02 00:11:36.799+00","2021-06-02 12:56:00.736544+00"
40464,2,0,"-1","-1","-1","0",0,"0","0","0","0","0","0","0","2021-06-02 00:11:35.799+00","2021-06-02 12:55:59.772368+00"
40463,2,0,"-1","-1","-1","0",0,"0","0","0","0","0","0","0","2021-06-02 00:11:34.799+00","2021-06-02 12:55:58.529751+00"
40462,2,0,"-1","-1","-1","0",0,"0","0","0","0","0","0","0","2021-06-02 00:11:33.799+00","2021-06-02 12:55:57.557393+00"
40461,2,0,"-1","-1","-1","0",0,"0","0","0","0","0","0","0","2021-06-02 00:11:32.799+00","2021-06-02 12:55:56.28526+00"
40460,2,0,"-1","-1","-1","0",0,"0","0","0","0","0","0","0","2021-06-02 00:11:31.799+00","2021-06-02 12:55:55.402104+00"
40459,2,0,"-1","-1","-1","0",0,"0","0","0","0","0","0","0","2021-06-02 00:11:29.799+00","2021-06-02 12:55:53.058438+00"
40458,2,0,"-1","-1","-1","0",0,"0","0","0","0","0","0","0","2021-06-02 00:11:28.799+00","2021-06-02 12:55:52.270417+00"
40457,2,0,"-1","-1","-1","0",0,"0","0","0","0","0","0","0","2021-06-02 00:11:26.799+00","2021-06-02 12:55:51.902914+00"
40456,2,0,"-1","-1","-1","0",0,"0","0","0","0","0","0","0","2021-06-02 00:11:24.799+00","2021-06-02 12:55:49.694593+00"
40455,2,0,"-1","-1","-1","0",0,"0","0","0","0","0","0","0","2021-06-02 00:11:24.799+00","2021-06-02 12:55:49.684147+00"
40454,2,0,"-1","-1","-1","0",0,"0","0","0","0","0","0","0","2021-06-02 00:11:22.799+00","2021-06-02 12:55:46.665834+00"
40453,2,0,"-1","-1","-1","0",0,"0","0","0","0","0","0","0","2021-06-02 00:11:21.799+00","2021-06-02 12:55:45.364271+00"
40452,2,0,"-1","-1","-1","0",0,"0","0","0","0","0","0","0","2021-06-02 00:11:20.799+00","2021-06-02 12:55:44.397464+00"
40451,2,0,"-1","-1","-1","0",0,"0","0","0","0","0","0","0","2021-06-02 00:11:19.799+00","2021-06-02 12:55:43.485188+00"
40450,2,0,"-1","-1","-1","0",0,"0","0","0","0","0","0","0","2021-06-02 00:11:18.799+00","2021-06-02 12:55:42.186481+00"
40449,2,0,"-1","-1","-1","0",0,"0","0","0","0","0","0","0","2021-06-02 00:11:17.799+00","2021-06-02 12:55:41.208588+00"
40448,2,0,"-1","-1","-1","0",0,"0","0","0","0","0","0","0","2021-06-02 00:11:16.799+00","2021-06-02 12:55:39.918448+00"
40447,2,0,"-1","-1","-1","0",0,"0","0","0","0","0","0","0","2021-06-02 00:11:15.799+00","2021-06-02 12:55:39.004403+00"
40446,2,0,"-1","-1","-1","0",0,"0","0","0","0","0","0","0","2021-06-02 00:11:14.799+00","2021-06-02 12:55:38.051567+00"
40445,2,0,"-1","-1","-1","0",0,"0","0","0","0","0","0","0","2021-06-02 00:11:13.799+00","2021-06-02 12:55:36.704528+00"
40444,2,0,"-1","-1","-1","0",0,"0","0","0","0","0","0","0","2021-06-02 00:11:12.799+00","2021-06-02 12:55:35.791083+00"
40443,2,0,"-1","-1","-1","0",0,"0","0","0","0","0","0","0","2021-06-02 00:11:11.799+00","2021-06-02 12:55:34.514195+00"
40442,2,0,"-1","-1","-1","0",0,"0","0","0","0","0","0","0","2021-06-02 00:11:08.799+00","2021-06-02 12:55:32.604459+00"
40441,2,0,"-1","-1","-1","0",0,"0","0","0","0","0","0","0","2021-06-02 00:11:07.799+00","2021-06-02 12:55:31.301069+00"
40440,2,0,"-1","-1","-1","0",0,"0","0","0","0","0","0","0","2021-06-02 00:11:06.799+00","2021-06-02 12:55:30.364132+00"
40439,2,0,"-1","-1","-1","0",0,"0","0","0","0","0","0","0","2021-06-02 00:11:05.799+00","2021-06-02 12:55:29.181692+00"
40438,2,0,"-1","-1","-1","0",0,"0","0","0","0","0","0","0","2021-06-02 00:11:04.799+00","2021-06-02 12:55:28.099327+00"
40437,2,0,"-1","-1","-1","0",0,"0","0","0","0","0","0","0","2021-06-02 00:11:03.799+00","2021-06-02 12:55:27.117959+00"
40436,2,0,"-1","-1","-1","0",0,"0","0","0","0","0","0","0","2021-06-02 00:11:02.799+00","2021-06-02 12:55:25.891116+00"
40435,2,0,"-1","-1","-1","0",0,"0","0","0","0","0","0","0","2021-06-02 00:11:01.799+00","2021-06-02 12:55:24.894469+00"
40434,2,0,"-1","-1","-1","0",0,"0","0","0","0","0","0","0","2021-06-02 00:11:00.799+00","2021-06-02 12:55:23.918898+00"
40433,2,0,"-1","-1","-1","0",0,"0","0","0","0","0","0","0","2021-06-02 00:10:59.799+00","2021-06-02 12:55:22.687524+00"
40432,2,0,"-1","-1","-1","0",0,"0","0","0","0","0","0","0","2021-06-02 00:10:57.799+00","2021-06-02 12:55:21.702394+00"
40431,2,0,"-1","-1","-1","0",0,"0","0","0","0","0","0","0","2021-06-02 00:10:56.799+00","2021-06-02 12:55:20.43231+00"
40430,2,0,"-1","-1","-1","0",0,"0","0","0","0","0","0","0","2021-06-02 00:10:55.799+00","2021-06-02 12:55:19.435421+00"
40429,2,0,"-1","-1","-1","0",0,"0","0","0","0","0","0","0","2021-06-02 00:10:54.799+00","2021-06-02 12:55:18.521232+00"
40428,2,0,"-1","-1","-1","0",0,"0","0","0","0","0","0","0","2021-06-02 00:10:53.799+00","2021-06-02 12:55:17.230389+00"
40427,2,0,"-1","-1","-1","0",0,"0","0","0","0","0","0","0","2021-06-02 00:10:52.799+00","2021-06-02 12:55:16.232751+00"
40426,2,0,"-1","-1","-1","0",0,"0","0","0","0","0","0","0","2021-06-02 00:10:50.799+00","2021-06-02 12:55:14.044458+00"
40425,2,0,"-1","-1","-1","0",0,"0","0","0","0","0","0","0","2021-06-02 00:10:49.799+00","2021-06-02 12:55:13.092015+00"
40424,2,0,"-1","-1","-1","0",0,"0","0","0","0","0","0","0","2021-06-02 00:10:48.799+00","2021-06-02 12:55:11.775616+00"
40423,2,0,"-1","-1","-1","0",0,"0","0","0","0","0","0","0","2021-06-02 00:10:47.799+00","2021-06-02 12:55:10.818671+00"
40422,2,0,"-1","-1","-1","0",0,"0","0","0","0","0","0","0","2021-06-02 00:10:46.799+00","2021-06-02 12:55:09.538314+00"
40421,2,0,"-1","-1","-1","0",0,"0","0","0","0","0","0","0","2021-06-02 00:10:44.799+00","2021-06-02 12:55:08.548269+00"
40420,2,0,"-1","-1","-1","0",0,"0","0","0","0","0","0","0","2021-06-02 00:10:43.799+00","2021-06-02 12:55:07.648181+00"
40419,2,0,"-1","-1","-1","0",0,"0","0","0","0","0","0","0","2021-06-02 00:10:42.799+00","2021-06-02 12:55:06.348387+00"
40418,2,0,"-1","-1","-1","0",0,"0","0","0","0","0","0","0","2021-06-02 00:10:41.799+00","2021-06-02 12:55:05.373257+00"
40417,2,0,"-1","-1","-1","0",0,"0","0","0","0","0","0","0","2021-06-02 00:10:40.799+00","2021-06-02 12:55:04.081119+00"
40416,2,0,"-1","-1","-1","0",0,"0","0","0","0","0","0","0","2021-06-02 00:10:39.799+00","2021-06-02 12:55:03.127134+00"
40415,2,0,"-1","-1","-1","0",0,"0","0","0","0","0","0","0","2021-06-02 00:10:38.799+00","2021-06-02 12:55:02.20447+00"
40414,2,0,"-1","-1","-1","0",0,"0","0","0","0","0","0","0","2021-06-02 00:10:37.799+00","2021-06-02 12:55:00.862126+00"
40413,2,0,"-1","-1","-1","0",0,"0","0","0","0","0","0","0","2021-06-02 00:10:36.799+00","2021-06-02 12:54:59.948492+00"
40412,2,0,"-1","-1","-1","0",0,"0","0","0","0","0","0","0","2021-06-02 00:10:35.799+00","2021-06-02 12:54:58.678433+00"
40411,2,0,"-1","-1","-1","0",0,"0","0","0","0","0","0","0","2021-06-02 00:10:34.799+00","2021-06-02 12:54:57.681393+00"
40410,2,0,"-1","-1","-1","0",0,"0","0","0","0","0","0","0","2021-06-02 00:10:33.799+00","2021-06-02 12:54:56.734955+00"
40409,2,0,"-1","-1","-1","0",0,"0","0","0","0","0","0","0","2021-06-02 00:10:31.799+00","2021-06-02 12:54:55.460923+00"
40408,2,0,"-1","-1","-1","0",0,"0","0","0","0","0","0","0","2021-06-02 00:10:30.799+00","2021-06-02 12:54:54.516449+00"
40407,2,0,"-1","-1","-1","0",0,"0","0","0","0","0","0","0","2021-06-02 00:10:29.799+00","2021-06-02 12:54:53.181964+00"
40406,2,0,"-1","-1","-1","0",0,"0","0","0","0","0","0","0","2021-06-02 00:10:28.799+00","2021-06-02 12:54:52.287255+00"
40405,2,0,"-1","-1","-1","0",0,"0","0","0","0","0","0","0","2021-06-02 00:10:27.799+00","2021-06-02 12:54:51.272202+00"
40404,2,0,"-1","-1","-1","0",0,"0","0","0","0","0","0","0","2021-06-02 00:10:26.799+00","2021-06-02 12:54:50.008682+00"
40403,2,0,"-1","-1","-1","0",0,"0","0","0","0","0","0","0","2021-06-02 00:10:25.799+00","2021-06-02 12:54:49.061496+00"
40402,2,0,"-1","-1","-1","0",0,"0","0","0","0","0","0","0","2021-06-02 00:10:24.799+00","2021-06-02 12:54:48.070719+00"
40401,2,0,"-1","-1","-1","0",0,"0","0","0","0","0","0","0","2021-06-02 00:10:23.799+00","2021-06-02 12:54:46.848601+00"
40400,2,0,"-1","-1","-1","0",0,"0","0","0","0","0","0","0","2021-06-02 00:10:22.799+00","2021-06-02 12:54:45.867884+00"
40399,2,0,"-1","-1","-1","0",0,"0","0","0","0","0","0","0","2021-06-02 00:10:21.799+00","2021-06-02 12:54:44.617057+00"
40398,2,0,"-1","-1","-1","0",0,"0","0","0","0","0","0","0","2021-06-02 00:10:18.799+00","2021-06-02 12:54:42.644768+00"
40397,2,0,"-1","-1","-1","0",0,"0","0","0","0","0","0","0","2021-06-02 00:10:17.799+00","2021-06-02 12:54:41.379991+00"
40396,2,0,"-1","-1","-1","0",0,"0","0","0","0","0","0","0","2021-06-02 00:10:16.799+00","2021-06-02 12:54:40.400199+00"
40395,2,0,"-1","-1","-1","0",0,"0","0","0","0","0","0","0","2021-06-02 00:10:15.799+00","2021-06-02 12:54:39.296774+00"
40394,2,0,"-1","-1","-1","0",0,"0","0","0","0","0","0","0","2021-06-02 00:10:14.799+00","2021-06-02 12:54:38.180913+00"
40393,2,0,"-1","-1","-1","0",0,"0","0","0","0","0","0","0","2021-06-02 00:10:13.799+00","2021-06-02 12:54:37.220443+00"
40392,2,0,"-1","-1","-1","0",0,"0","0","0","0","0","0","0","2021-06-02 00:10:12.799+00","2021-06-02 12:54:35.955125+00"
40391,2,0,"-1","-1","-1","0",0,"0","0","0","0","0","0","0","2021-06-02 00:10:11.799+00","2021-06-02 12:54:34.962833+00"
40390,2,0,"-1","-1","-1","0",0,"0","0","0","0","0","0","0","2021-06-02 00:10:10.799+00","2021-06-02 12:54:33.720989+00"
40389,2,0,"-1","-1","-1","0",0,"0","0","0","0","0","0","0","2021-06-02 00:10:09.799+00","2021-06-02 12:54:32.738383+00"
40388,2,0,"-1","-1","-1","0",0,"0","0","0","0","0","0","0","2021-06-02 00:10:08.799+00","2021-06-02 12:54:31.780723+00"
40387,2,0,"-1","-1","-1","0",0,"0","0","0","0","0","0","0","2021-06-02 00:10:06.799+00","2021-06-02 12:54:30.48576+00"
40386,2,0,"-1","-1","-1","0",0,"0","0","0","0","0","0","0","2021-06-02 00:10:05.799+00","2021-06-02 12:54:29.524021+00"
40385,2,0,"-1","-1","-1","0",0,"0","0","0","0","0","0","0","2021-06-02 00:10:04.799+00","2021-06-02 12:54:28.225964+00"
40384,2,0,"-1","-1","-1","0",0,"0","0","0","0","0","0","0","2021-06-02 00:10:03.799+00","2021-06-02 12:54:27.292738+00"
40383,2,0,"-1","-1","-1","0",0,"0","0","0","0","0","0","0","2021-06-02 00:10:02.799+00","2021-06-02 12:54:26.373018+00"
40382,2,0,"-1","-1","-1","0",0,"0","0","0","0","0","0","0","2021-06-02 00:10:01.799+00","2021-06-02 12:54:25.111154+00"
40381,2,0,"-1","-1","-1","0",0,"0","0","0","0","0","0","0","2021-06-02 00:10:00.799+00","2021-06-02 12:54:24.111207+00"
40380,2,0,"-1","-1","-1","0",0,"0","0","0","0","0","0","0","2021-06-02 00:09:59.799+00","2021-06-02 12:54:22.817918+00"
40379,2,0,"-1","-1","-1","0",0,"0","0","0","0","0","0","0","2021-06-02 00:09:58.799+00","2021-06-02 12:54:21.826473+00"
40378,2,0,"-1","-1","-1","0",0,"0","0","0","0","0","0","0","2021-06-02 00:09:57.799+00","2021-06-02 12:54:20.88445+00"
40377,2,0,"-1","-1","-1","0",0,"0","0","0","0","0","0","0","2021-06-02 00:09:56.799+00","2021-06-02 12:54:19.622279+00"
40376,2,0,"-1","-1","-1","0",0,"0","0","0","0","0","0","0","2021-06-02 00:09:55.799+00","2021-06-02 12:54:18.6824+00"
40375,2,0,"-1","-1","-1","0",0,"0","0","0","0","0","0","0","2021-06-02 00:09:53.799+00","2021-06-02 12:54:17.353355+00"
40374,2,0,"-1","-1","-1","0",0,"0","0","0","0","0","0","0","2021-06-02 00:09:52.799+00","2021-06-02 12:54:16.427657+00"
40373,2,0,"-1","-1","-1","0",0,"0","0","0","0","0","0","0","2021-06-02 00:09:51.799+00","2021-06-02 12:54:15.426913+00"
40372,2,0,"-1","-1","-1","0",0,"0","0","0","0","0","0","0","2021-06-02 00:09:50.799+00","2021-06-02 12:54:14.143633+00"
40371,2,0,"-1","-1","-1","0",0,"0","0","0","0","0","0","0","2021-06-02 00:09:49.799+00","2021-06-02 12:54:13.231886+00"
40370,2,0,"-1","-1","-1","0",0,"0","0","0","0","0","0","0","2021-06-02 00:09:48.799+00","2021-06-02 12:54:12.234749+00"
40369,2,0,"-1","-1","-1","0",0,"0","0","0","0","0","0","0","2021-06-02 00:09:47.799+00","2021-06-02 12:54:11.004407+00"
40368,2,0,"-1","-1","-1","0",0,"0","0","0","0","0","0","0","2021-06-02 00:09:45.799+00","2021-06-02 12:54:08.815128+00"
40367,2,0,"-1","-1","-1","0",0,"0","0","0","0","0","0","0","2021-06-02 00:09:44.799+00","2021-06-02 12:54:07.758168+00"
40366,2,0,"-1","-1","-1","0",0,"0","0","0","0","0","0","0","2021-06-02 00:09:43.799+00","2021-06-02 12:54:06.815648+00"
40365,2,0,"-1","-1","-1","0",0,"0","0","0","0","0","0","0","2021-06-02 00:09:41.799+00","2021-06-02 12:54:05.561085+00"
40364,2,0,"-1","-1","-1","0",0,"0","0","0","0","0","0","0","2021-06-02 00:09:40.799+00","2021-06-02 12:54:04.555772+00"
40363,2,0,"-1","-1","-1","0",0,"0","0","0","0","0","0","0","2021-06-02 00:09:39.799+00","2021-06-02 12:54:03.358997+00"
40362,2,0,"-1","-1","-1","0",0,"0","0","0","0","0","0","0","2021-06-02 00:09:38.799+00","2021-06-02 12:54:02.333556+00"
40361,2,0,"-1","-1","-1","0",0,"0","0","0","0","0","0","0","2021-06-02 00:09:37.799+00","2021-06-02 12:54:01.341941+00"
40360,2,0,"-1","-1","-1","0",0,"0","0","0","0","0","0","0","2021-06-02 00:09:36.799+00","2021-06-02 12:54:00.092035+00"
40359,2,0,"-1","-1","-1","0",0,"0","0","0","0","0","0","0","2021-06-02 00:09:35.799+00","2021-06-02 12:53:59.137832+00"
40358,2,0,"-1","-1","-1","0",0,"0","0","0","0","0","0","0","2021-06-02 00:09:34.799+00","2021-06-02 12:53:57.854407+00"
40357,2,0,"-1","-1","-1","0",0,"0","0","0","0","0","0","0","2021-06-02 00:09:32.799+00","2021-06-02 12:53:55.974413+00"
40356,2,0,"-1","-1","-1","0",0,"0","0","0","0","0","0","0","2021-06-02 00:09:31.799+00","2021-06-02 12:53:54.652936+00"
40355,2,0,"-1","-1","-1","0",0,"0","0","0","0","0","0","0","2021-06-02 00:09:30.799+00","2021-06-02 12:53:53.71509+00"
40354,2,0,"-1","-1","-1","0",0,"0","0","0","0","0","0","0","2021-06-02 00:09:28.799+00","2021-06-02 12:53:52.395246+00"
40353,2,0,"-1","-1","-1","0",0,"0","0","0","0","0","0","0","2021-06-02 00:09:27.799+00","2021-06-02 12:53:51.454591+00"
40352,2,0,"-1","-1","-1","0",0,"0","0","0","0","0","0","0","2021-06-02 00:09:26.799+00","2021-06-02 12:53:50.525682+00"
40351,2,0,"-1","-1","-1","0",0,"0","0","0","0","0","0","0","2021-06-02 00:09:25.799+00","2021-06-02 12:53:49.184086+00"
40350,2,0,"-1","-1","-1","0",0,"0","0","0","0","0","0","0","2021-06-02 00:09:24.799+00","2021-06-02 12:53:48.266687+00"
40349,2,0,"-1","-1","-1","0",0,"0","0","0","0","0","0","0","2021-06-02 00:09:23.799+00","2021-06-02 12:53:46.962164+00"
40348,2,0,"-1","-1","-1","0",0,"0","0","0","0","0","0","0","2021-06-02 00:09:21.799+00","2021-06-02 12:53:45.071601+00"
40347,2,0,"-1","-1","-1","0",0,"0","0","0","0","0","0","0","2021-06-02 00:09:20.799+00","2021-06-02 12:53:43.785053+00"
40346,2,0,"-1","-1","-1","0",0,"0","0","0","0","0","0","0","2021-06-02 00:09:19.799+00","2021-06-02 12:53:42.846832+00"
40345,2,0,"-1","-1","-1","0",0,"0","0","0","0","0","0","0","2021-06-02 00:09:18.799+00","2021-06-02 12:53:41.510077+00"
40344,2,0,"-1","-1","-1","0",0,"0","0","0","0","0","0","0","2021-06-02 00:09:16.799+00","2021-06-02 12:53:40.597976+00"
40343,2,0,"-1","-1","-1","0",0,"0","0","0","0","0","0","0","2021-06-02 00:09:15.799+00","2021-06-02 12:53:39.601041+00"
40342,2,0,"-1","-1","-1","0",0,"0","0","0","0","0","0","0","2021-06-02 00:09:14.799+00","2021-06-02 12:53:38.336502+00"
40341,2,0,"-1","-1","-1","0",0,"0","0","0","0","0","0","0","2021-06-02 00:09:13.799+00","2021-06-02 12:53:37.402511+00"
40340,2,0,"-1","-1","-1","0",0,"0","0","0","0","0","0","0","2021-06-02 00:09:11.799+00","2021-06-02 12:53:35.157964+00"
40339,2,0,"-1","-1","-1","0",0,"0","0","0","0","0","0","0","2021-06-02 00:09:10.799+00","2021-06-02 12:53:34.163906+00"
40338,2,0,"-1","-1","-1","0",0,"0","0","0","0","0","0","0","2021-06-02 00:09:09.799+00","2021-06-02 12:53:32.919958+00"
40337,2,0,"-1","-1","-1","0",0,"0","0","0","0","0","0","0","2021-06-02 00:09:08.799+00","2021-06-02 12:53:31.903191+00"
40336,2,0,"-1","-1","-1","0",0,"0","0","0","0","0","0","0","2021-06-02 00:09:07.799+00","2021-06-02 12:53:30.993257+00"
40335,2,0,"-1","-1","-1","0",0,"0","0","0","0","0","0","0","2021-06-02 00:09:06.799+00","2021-06-02 12:53:29.698381+00"
40334,2,0,"-1","-1","-1","0",0,"0","0","0","0","0","0","0","2021-06-02 00:09:05.799+00","2021-06-02 12:53:28.713303+00"
40333,2,0,"-1","-1","-1","0",0,"0","0","0","0","0","0","0","2021-06-02 00:09:03.799+00","2021-06-02 12:53:27.47776+00"
40332,2,0,"-1","-1","-1","0",0,"0","0","0","0","0","0","0","2021-06-02 00:09:02.799+00","2021-06-02 12:53:26.520243+00"
40331,2,0,"-1","-1","-1","0",0,"0","0","0","0","0","0","0","2021-06-02 00:09:01.799+00","2021-06-02 12:53:25.527199+00"
40330,2,0,"-1","-1","-1","0",0,"0","0","0","0","0","0","0","2021-06-02 00:09:00.799+00","2021-06-02 12:53:24.336129+00"
40329,2,0,"-1","-1","-1","0",0,"0","0","0","0","0","0","0","2021-06-02 00:08:59.799+00","2021-06-02 12:53:23.29477+00"
